experiment,correlation_with_data,std_relative_to_data
all wedges,1.0000000000000002,0.9999999999999954
no shock,-0.1068863154748438,0.8123575863918094
efficiency only,0.464078844298412,2.6786986240087294
labor only,-0.31169125411286924,0.7435075661750797
investment only,0.0962244671120016,1.7339148026715994
government only,-0.7222798321142722,0.30239401276341277
