experiment,correlation_with_data,std_relative_to_data
all wedges,0.9999999999999996,0.9999999999999992
no shock,-0.17840803684639023,0.6848578094436187
efficiency only,0.40393879700870816,2.7378829177363633
labor only,-0.4962949975461489,0.19197228274857822
investment only,0.04173236910642882,1.7700165111800354
government only,-0.7067781037842036,0.09639492927498558
